fecha,area_m2_vegetacion_unificada,fuente
2013-04-01,17112.557861328125,Landsat 8
2013-05-04,16211.895263671875,Landsat 8
2013-05-13,5403.962158203125,Landsat 8
2013-06-05,17112.55712890625,Landsat 8
2013-06-14,21615.86102294922,Landsat 8
2013-07-23,16211.895812988281,Landsat 8
2013-10-27,46834.36877441406,Landsat 8
2013-11-21,20715.199951171875,Landsat 8
2013-12-07,900.6600341796875,Landsat 8
2013-12-23,15311.234375,Landsat 8
2013-12-30,17112.55535888672,Landsat 8
2014-01-08,1801.3231811523438,Landsat 8
2014-01-15,20715.19891357422,Landsat 8
2014-01-24,18913.87628173828,Landsat 8
2014-01-31,25218.502685546875,Landsat 8
2014-02-09,22516.521362304688,Landsat 8
2014-02-25,20715.199951171875,Landsat 8
2014-03-04,21615.859252929688,Landsat 8
2014-03-13,23417.1826171875,Landsat 8
2014-03-29,18913.87774658203,Landsat 8
2014-06-17,18913.87451171875,Landsat 8
2014-07-03,34225.115295410156,Landsat 8
2014-07-19,26119.164428710938,Landsat 8
2014-08-04,13509.908081054688,Landsat 8
2014-09-05,31523.128662109375,Landsat 8
2014-11-08,45933.70104980469,Landsat 8
2014-11-15,30622.46435546875,Landsat 8
2014-11-24,31523.128051757812,Landsat 8
2014-12-01,27920.486389160156,Landsat 8
2014-12-17,34225.11584472656,Landsat 8
2014-12-26,22516.521545410156,Landsat 8
2015-01-02,20715.19891357422,Landsat 8
2015-01-11,18013.21661376953,Landsat 8
2015-01-27,2701.98095703125,Landsat 8
2015-02-03,18913.87713623047,Landsat 8
2015-02-12,17112.55682373047,Landsat 8
2015-02-19,17112.55841064453,Landsat 8
2015-02-28,17112.554321289062,Landsat 8
2015-03-07,15311.234802246094,Landsat 8
2015-03-16,27019.8251953125,Landsat 8
2015-03-23,23417.18280029297,Landsat 8
2015-04-01,20715.20001220703,Landsat 8
2015-04-24,46834.366760253906,Landsat 8
2015-05-03,26119.164306640625,Landsat 8
2015-06-04,21615.86151123047,Landsat 8
2015-06-20,32423.791625976562,Landsat 8
2015-06-27,32423.791625976562,Landsat 8
2015-07-06,31523.13067626953,Landsat 8
2015-08-07,22516.522033691406,Landsat 8
2015-08-23,5403.965515136719,Landsat 8
2015-08-30,27920.485961914062,Landsat 8
2015-09-08,23417.18133544922,Landsat 8
2015-09-15,0.0,Landsat 8
2015-11-27,21615.859436035156,Landsat 8
2015-12-20,22516.520080566406,Landsat 8
2015-12-29,23417.18115234375,Landsat 8
2016-01-05,25218.503295898438,Landsat 8
2016-01-14,18913.878173828125,Landsat 8
2016-01-21,19814.5380859375,Landsat 8
2016-02-06,22516.52117919922,Landsat 8
2016-02-15,24317.84344482422,Landsat 8
2016-02-22,26119.165100097656,Landsat 8
2016-03-02,31523.130798339844,Landsat 8
2016-03-25,53138.989318847656,Landsat 8
2016-04-26,9907.271728515625,Landsat 8
2016-05-05,41430.39453125,Landsat 8
2016-05-12,15311.238708496094,Landsat 8
2016-05-21,31523.1357421875,Landsat 8
2016-06-06,35125.77185058594,Landsat 8
2016-06-22,30622.468139648438,Landsat 8
2016-07-08,28821.147216796875,Landsat 8
2016-07-24,27920.486206054688,Landsat 8
2016-08-09,28821.146240234375,Landsat 8
2016-09-17,45933.70300292969,Landsat 8
2016-09-26,20715.199096679688,Landsat 8
2016-11-04,51337.66522216797,Landsat 8
2016-12-15,55840.97326660156,Landsat 8
2016-12-22,54940.31170654297,Landsat 8
2016-12-31,55840.972229003906,Landsat 8
2017-05-26,39683.37595107712,Sentinel-1 (pred. mejorado)
2017-06-07,36480.44865090683,Sentinel-1 (pred. mejorado)
2017-06-19,34829.715442524874,Sentinel-1 (pred. mejorado)
2017-07-01,32055.310715048003,Sentinel-1 (pred. mejorado)
2017-07-13,35409.69710569105,Sentinel-1 (pred. mejorado)
2017-07-25,30987.738563520154,Sentinel-1 (pred. mejorado)
2017-08-06,28785.395894992907,Sentinel-1 (pred. mejorado)
2017-08-18,24493.038460210068,Sentinel-1 (pred. mejorado)
2017-08-30,28087.86464196259,Sentinel-1 (pred. mejorado)
2017-09-11,31444.270478853734,Sentinel-1 (pred. mejorado)
2017-09-23,31590.818662034308,Sentinel-1 (pred. mejorado)
2017-10-05,30173.20101545141,Sentinel-1 (pred. mejorado)
2017-10-17,28112.81256600187,Sentinel-1 (pred. mejorado)
2017-10-29,27114.90359313987,Sentinel-1 (pred. mejorado)
2017-11-10,26664.47980914617,Sentinel-1 (pred. mejorado)
2017-11-22,27757.90329002897,Sentinel-1 (pred. mejorado)
2017-12-04,27654.026069045696,Sentinel-1 (pred. mejorado)
2017-12-16,27410.542638590134,Sentinel-1 (pred. mejorado)
2017-12-28,27297.42457709693,Sentinel-1 (pred. mejorado)
2018-01-09,27260.055278923483,Sentinel-1 (pred. mejorado)
2018-01-21,26135.410175811983,Sentinel-1 (pred. mejorado)
2018-02-02,25125.08708940291,Sentinel-1 (pred. mejorado)
2018-02-14,33700.01686284193,Sentinel-1 (pred. mejorado)
2018-02-26,37148.5648429584,Sentinel-1 (pred. mejorado)
2018-03-10,52758.733334316516,Sentinel-1 (pred. mejorado)
2018-04-03,57692.64910722295,Sentinel-1 (pred. mejorado)
2018-04-15,69347.35443869817,Sentinel-1 (pred. mejorado)
2018-04-27,69571.51147641822,Sentinel-1 (pred. mejorado)
2018-05-09,69290.79093794797,Sentinel-1 (pred. mejorado)
2018-05-21,63128.4622130926,Sentinel-1 (pred. mejorado)
2018-06-02,57817.40683021152,Sentinel-1 (pred. mejorado)
2018-06-14,54351.15244369578,Sentinel-1 (pred. mejorado)
2018-06-26,62666.82287218185,Sentinel-1 (pred. mejorado)
2018-07-08,64645.36951517467,Sentinel-1 (pred. mejorado)
2018-07-20,75186.64586363743,Sentinel-1 (pred. mejorado)
2018-08-01,73108.37097408477,Sentinel-1 (pred. mejorado)
2018-08-13,81027.29579420241,Sentinel-1 (pred. mejorado)
2018-08-25,77713.23792867998,Sentinel-1 (pred. mejorado)
2018-09-06,78246.435128476,Sentinel-1 (pred. mejorado)
2018-09-18,68764.15632114372,Sentinel-1 (pred. mejorado)
2018-09-30,62215.600400644245,Sentinel-1 (pred. mejorado)
2018-10-12,56176.90623222658,Sentinel-1 (pred. mejorado)
2018-10-24,57557.33108682212,Sentinel-1 (pred. mejorado)
2018-11-05,62443.27857259411,Sentinel-1 (pred. mejorado)
2018-11-17,67676.31411639879,Sentinel-1 (pred. mejorado)
2018-11-29,71532.01555068341,Sentinel-1 (pred. mejorado)
2018-12-11,72019.80938350993,Sentinel-1 (pred. mejorado)
2018-12-23,75842.72732520086,Sentinel-1 (pred. mejorado)
2019-01-04,81173.2189274523,Sentinel-1 (pred. mejorado)
2019-01-16,83370.43254906031,Sentinel-1 (pred. mejorado)
2019-01-28,80117.40092988795,Sentinel-1 (pred. mejorado)
2019-02-09,78423.45103944604,Sentinel-1 (pred. mejorado)
2019-02-21,80533.6420264841,Sentinel-1 (pred. mejorado)
2019-03-05,85589.83689647481,Sentinel-1 (pred. mejorado)
2019-03-17,91805.15070808731,Sentinel-1 (pred. mejorado)
2019-03-29,92403.52737918154,Sentinel-1 (pred. mejorado)
2019-04-10,102984.16653520743,Sentinel-1 (pred. mejorado)
2019-04-22,94338.92262711137,Sentinel-1 (pred. mejorado)
2019-05-04,86735.32814217574,Sentinel-1 (pred. mejorado)
2019-05-16,79952.32084704739,Sentinel-1 (pred. mejorado)
2019-05-28,76662.86325497214,Sentinel-1 (pred. mejorado)
2019-06-09,84346.0744051092,Sentinel-1 (pred. mejorado)
2019-06-21,74969.4821262175,Sentinel-1 (pred. mejorado)
2019-07-03,76516.61746459384,Sentinel-1 (pred. mejorado)
2019-07-15,66609.26032620844,Sentinel-1 (pred. mejorado)
2019-07-27,71020.17730073197,Sentinel-1 (pred. mejorado)
2019-08-08,69381.38150469346,Sentinel-1 (pred. mejorado)
2019-08-20,78876.7444500685,Sentinel-1 (pred. mejorado)
2019-09-01,78482.1091072926,Sentinel-1 (pred. mejorado)
2019-09-13,82733.59410229235,Sentinel-1 (pred. mejorado)
2019-09-25,74082.13297134242,Sentinel-1 (pred. mejorado)
2019-10-07,72395.14023224314,Sentinel-1 (pred. mejorado)
2019-10-19,66565.27455233155,Sentinel-1 (pred. mejorado)
2019-10-31,69113.25378720612,Sentinel-1 (pred. mejorado)
2019-11-12,63038.73040023182,Sentinel-1 (pred. mejorado)
2019-11-24,62780.23329247418,Sentinel-1 (pred. mejorado)
2019-12-06,63431.98585751047,Sentinel-1 (pred. mejorado)
2019-12-18,76402.70729855051,Sentinel-1 (pred. mejorado)
2019-12-30,76478.60518184787,Sentinel-1 (pred. mejorado)
2020-01-11,69484.56499425456,Sentinel-1 (pred. mejorado)
2020-01-23,52891.364213057794,Sentinel-1 (pred. mejorado)
2020-02-04,48567.77800334975,Sentinel-1 (pred. mejorado)
2020-02-16,50457.16131680482,Sentinel-1 (pred. mejorado)
2020-02-28,50968.09278938421,Sentinel-1 (pred. mejorado)
2020-03-11,49368.89583037563,Sentinel-1 (pred. mejorado)
2020-03-23,53573.67698043415,Sentinel-1 (pred. mejorado)
2020-04-04,55439.11968717732,Sentinel-1 (pred. mejorado)
2020-04-16,57316.28254747998,Sentinel-1 (pred. mejorado)
2020-04-28,53677.45783219042,Sentinel-1 (pred. mejorado)
2020-05-10,53070.292008281256,Sentinel-1 (pred. mejorado)
2020-05-22,49816.98254751028,Sentinel-1 (pred. mejorado)
2020-06-03,50227.2785229396,Sentinel-1 (pred. mejorado)
2020-06-15,53069.88989201483,Sentinel-1 (pred. mejorado)
2020-06-27,54159.442181213955,Sentinel-1 (pred. mejorado)
2020-07-09,50244.7696164959,Sentinel-1 (pred. mejorado)
2020-07-21,44722.140869805684,Sentinel-1 (pred. mejorado)
2020-08-02,46258.20712980366,Sentinel-1 (pred. mejorado)
2020-08-14,52350.16217847387,Sentinel-1 (pred. mejorado)
2020-08-26,53390.469849226276,Sentinel-1 (pred. mejorado)
2020-09-07,50848.21579651744,Sentinel-1 (pred. mejorado)
2020-09-19,44738.82689049225,Sentinel-1 (pred. mejorado)
2020-10-01,45248.4338443788,Sentinel-1 (pred. mejorado)
2020-10-13,44973.87790589139,Sentinel-1 (pred. mejorado)
2020-10-25,47051.23833989434,Sentinel-1 (pred. mejorado)
2020-11-06,44569.10254769392,Sentinel-1 (pred. mejorado)
2020-11-18,45277.05600058946,Sentinel-1 (pred. mejorado)
2020-11-30,43268.471058227544,Sentinel-1 (pred. mejorado)
2020-12-12,45233.26416163094,Sentinel-1 (pred. mejorado)
2020-12-24,44921.11559679254,Sentinel-1 (pred. mejorado)
2021-01-17,47230.5899363892,Sentinel-1 (pred. mejorado)
2021-01-29,47469.73786508658,Sentinel-1 (pred. mejorado)
2021-02-10,47466.729220320885,Sentinel-1 (pred. mejorado)
2021-02-22,51601.19312226773,Sentinel-1 (pred. mejorado)
2021-03-06,46122.70380502586,Sentinel-1 (pred. mejorado)
2021-03-18,47578.438726859466,Sentinel-1 (pred. mejorado)
2021-03-30,37509.4266245486,Sentinel-1 (pred. mejorado)
2021-04-11,46113.42357444329,Sentinel-1 (pred. mejorado)
2021-04-23,45620.597143025334,Sentinel-1 (pred. mejorado)
2021-05-05,52163.05334388878,Sentinel-1 (pred. mejorado)
2021-05-17,51641.116448036126,Sentinel-1 (pred. mejorado)
2021-05-29,48203.47243907692,Sentinel-1 (pred. mejorado)
2021-06-10,49024.70669627422,Sentinel-1 (pred. mejorado)
2021-06-22,45056.188130025206,Sentinel-1 (pred. mejorado)
2021-07-04,45749.48704199945,Sentinel-1 (pred. mejorado)
2021-07-16,40483.38374607929,Sentinel-1 (pred. mejorado)
2021-07-28,40277.47708907689,Sentinel-1 (pred. mejorado)
2021-08-09,41826.36412568021,Sentinel-1 (pred. mejorado)
2021-08-21,41054.60132328413,Sentinel-1 (pred. mejorado)
2021-09-02,41998.7303002518,Sentinel-1 (pred. mejorado)
2021-09-14,41747.390197392786,Sentinel-1 (pred. mejorado)
2021-09-26,42918.99183252355,Sentinel-1 (pred. mejorado)
2021-10-08,40810.39486203457,Sentinel-1 (pred. mejorado)
2021-10-20,41082.16375754638,Sentinel-1 (pred. mejorado)
2021-11-01,39662.22105051185,Sentinel-1 (pred. mejorado)
2021-11-13,44039.62266458737,Sentinel-1 (pred. mejorado)
2021-11-25,44000.05564541562,Sentinel-1 (pred. mejorado)
2021-12-07,47229.52395268454,Sentinel-1 (pred. mejorado)
2021-12-19,42216.56555298024,Sentinel-1 (pred. mejorado)
2022-02-23,42432.16269627296,Sentinel-1 (pred. mejorado)
2022-03-07,36816.22830537714,Sentinel-1 (pred. mejorado)
2022-03-19,35273.47070901031,Sentinel-1 (pred. mejorado)
2022-03-31,33396.305886971015,Sentinel-1 (pred. mejorado)
2022-04-12,35409.33104666556,Sentinel-1 (pred. mejorado)
2022-04-24,41636.899003470404,Sentinel-1 (pred. mejorado)
2022-05-06,43858.78531986218,Sentinel-1 (pred. mejorado)
2022-05-18,43071.969007717795,Sentinel-1 (pred. mejorado)
2022-05-30,42548.8295375901,Sentinel-1 (pred. mejorado)
2022-06-11,38240.98990551936,Sentinel-1 (pred. mejorado)
2022-06-23,41466.832238655494,Sentinel-1 (pred. mejorado)
2022-07-05,39311.70504958698,Sentinel-1 (pred. mejorado)
2022-07-17,43195.78256609874,Sentinel-1 (pred. mejorado)
2022-07-29,46646.623741219555,Sentinel-1 (pred. mejorado)
2022-08-10,47311.93386508618,Sentinel-1 (pred. mejorado)
2022-08-22,46358.694901317744,Sentinel-1 (pred. mejorado)
2022-09-03,44222.96796870566,Sentinel-1 (pred. mejorado)
2022-09-15,43610.97172672573,Sentinel-1 (pred. mejorado)
2022-09-27,42768.48648920516,Sentinel-1 (pred. mejorado)
2022-10-09,43085.3822764702,Sentinel-1 (pred. mejorado)
2022-10-21,42520.00275783141,Sentinel-1 (pred. mejorado)
2022-11-02,45258.38223967951,Sentinel-1 (pred. mejorado)
2022-11-14,40913.436220564734,Sentinel-1 (pred. mejorado)
2022-11-26,37466.7508207074,Sentinel-1 (pred. mejorado)
2022-12-08,35479.23629833229,Sentinel-1 (pred. mejorado)
2022-12-20,34805.52263476442,Sentinel-1 (pred. mejorado)
2023-01-01,37956.5542886068,Sentinel-1 (pred. mejorado)
2023-01-13,35029.78535412034,Sentinel-1 (pred. mejorado)
2023-01-25,39016.044754045804,Sentinel-1 (pred. mejorado)
2023-02-06,39704.426552538986,Sentinel-1 (pred. mejorado)
2023-02-18,38440.873764442156,Sentinel-1 (pred. mejorado)
2023-03-02,34272.92438065266,Sentinel-1 (pred. mejorado)
2023-03-14,30552.39618785068,Sentinel-1 (pred. mejorado)
2023-03-26,33042.360195732974,Sentinel-1 (pred. mejorado)
2023-04-07,39488.202745053415,Sentinel-1 (pred. mejorado)
2023-04-19,43192.48241625313,Sentinel-1 (pred. mejorado)
2023-05-01,45823.88368310751,Sentinel-1 (pred. mejorado)
2023-05-13,40503.59658362142,Sentinel-1 (pred. mejorado)
2023-05-25,42018.47010076504,Sentinel-1 (pred. mejorado)
2023-06-06,44619.640210946905,Sentinel-1 (pred. mejorado)
2023-06-18,45236.56158648661,Sentinel-1 (pred. mejorado)
2023-06-30,45275.25058355257,Sentinel-1 (pred. mejorado)
2023-07-12,41448.91281886803,Sentinel-1 (pred. mejorado)
2023-07-24,44998.05242869375,Sentinel-1 (pred. mejorado)
2023-08-05,55547.904852015294,Sentinel-1 (pred. mejorado)
2023-08-17,67226.51235154182,Sentinel-1 (pred. mejorado)
2023-08-29,84491.61939598822,Sentinel-1 (pred. mejorado)
2023-09-10,88768.000486118,Sentinel-1 (pred. mejorado)
2023-09-22,88158.35716037753,Sentinel-1 (pred. mejorado)
2023-10-04,77266.33690684072,Sentinel-1 (pred. mejorado)
2023-10-16,71578.72484631937,Sentinel-1 (pred. mejorado)
2023-10-28,73562.63449051637,Sentinel-1 (pred. mejorado)
2023-11-09,72968.01268401359,Sentinel-1 (pred. mejorado)
2023-11-21,69638.86388709983,Sentinel-1 (pred. mejorado)
2023-12-03,68014.04242660548,Sentinel-1 (pred. mejorado)
2023-12-15,74637.56484778975,Sentinel-1 (pred. mejorado)
2023-12-27,81936.46554232125,Sentinel-1 (pred. mejorado)
2024-01-08,87559.19583728294,Sentinel-1 (pred. mejorado)
2024-01-20,87233.02007875964,Sentinel-1 (pred. mejorado)
2024-02-01,86911.21332668654,Sentinel-1 (pred. mejorado)
2024-02-13,81407.58450049492,Sentinel-1 (pred. mejorado)
2024-02-25,83856.42294807614,Sentinel-1 (pred. mejorado)
2024-03-08,80465.51779066259,Sentinel-1 (pred. mejorado)
2024-03-20,85591.44351554303,Sentinel-1 (pred. mejorado)
2024-04-01,87769.0397441535,Sentinel-1 (pred. mejorado)
2024-04-13,87310.33227446592,Sentinel-1 (pred. mejorado)
2024-04-25,81512.2635053736,Sentinel-1 (pred. mejorado)
2024-05-07,81389.17134098533,Sentinel-1 (pred. mejorado)
2024-05-19,84083.00075709024,Sentinel-1 (pred. mejorado)
2024-05-31,86562.52385405591,Sentinel-1 (pred. mejorado)
2024-06-12,81052.71730084573,Sentinel-1 (pred. mejorado)
2024-06-24,76642.06441435842,Sentinel-1 (pred. mejorado)
2024-07-06,77120.19356712983,Sentinel-1 (pred. mejorado)
2024-07-18,71282.0980135474,Sentinel-1 (pred. mejorado)
2024-07-30,75808.39122282903,Sentinel-1 (pred. mejorado)
2024-08-11,71472.870662592,Sentinel-1 (pred. mejorado)
2024-08-23,79731.1430217322,Sentinel-1 (pred. mejorado)
2024-09-04,79767.16397214684,Sentinel-1 (pred. mejorado)
2024-09-16,85021.4207789557,Sentinel-1 (pred. mejorado)
2024-09-28,80586.4398634846,Sentinel-1 (pred. mejorado)
2024-10-10,77050.79693000409,Sentinel-1 (pred. mejorado)
2024-10-22,88851.1738231057,Sentinel-1 (pred. mejorado)
2024-11-03,85917.15293872227,Sentinel-1 (pred. mejorado)
2024-11-15,85901.054000445,Sentinel-1 (pred. mejorado)
2024-11-27,76473.39353691669,Sentinel-1 (pred. mejorado)
2024-12-09,80896.15299698312,Sentinel-1 (pred. mejorado)
2024-12-21,83707.63078255349,Sentinel-1 (pred. mejorado)
2025-01-02,81024.85927305855,Sentinel-1 (pred. mejorado)
2025-01-14,88349.00914106169,Sentinel-1 (pred. mejorado)
2025-01-26,83741.83754786375,Sentinel-1 (pred. mejorado)
2025-02-07,87843.36109753244,Sentinel-1 (pred. mejorado)
2025-02-19,79491.36046932958,Sentinel-1 (pred. mejorado)
2025-03-03,87619.83823081029,Sentinel-1 (pred. mejorado)
2025-03-15,83021.63326042143,Sentinel-1 (pred. mejorado)
2025-03-27,77813.82739456516,Sentinel-1 (pred. mejorado)
2025-04-02,69880.80655615909,Sentinel-1 (pred. mejorado)
2025-04-08,65377.866036094434,Sentinel-1 (pred. mejorado)
2025-04-14,73239.34378005851,Sentinel-1 (pred. mejorado)
2025-04-20,76738.72655707375,Sentinel-1 (pred. mejorado)
2025-04-26,76370.38884475997,Sentinel-1 (pred. mejorado)
2025-05-02,63049.98445409102,Sentinel-1 (pred. mejorado)
2025-05-08,65724.02866674527,Sentinel-1 (pred. mejorado)
2025-05-14,61359.4113321855,Sentinel-1 (pred. mejorado)
2025-05-20,70157.60070368675,Sentinel-1 (pred. mejorado)
2025-05-26,59170.01306621608,Sentinel-1 (pred. mejorado)
2025-06-01,62871.530602694256,Sentinel-1 (pred. mejorado)
2025-06-07,57325.810872549046,Sentinel-1 (pred. mejorado)
2025-06-13,65416.79074470161,Sentinel-1 (pred. mejorado)
2025-06-19,58891.1897914347,Sentinel-1 (pred. mejorado)
2025-06-25,63206.76424544138,Sentinel-1 (pred. mejorado)
2025-07-01,59806.38866386961,Sentinel-1 (pred. mejorado)
2025-07-07,66678.53104447735,Sentinel-1 (pred. mejorado)
2025-07-13,65151.3527792818,Sentinel-1 (pred. mejorado)
2025-07-19,71908.25367871944,Sentinel-1 (pred. mejorado)
2025-07-25,72147.71878232746,Sentinel-1 (pred. mejorado)
2025-07-31,79378.17281900557,Sentinel-1 (pred. mejorado)
2025-08-06,75048.35271041152,Sentinel-1 (pred. mejorado)
2025-08-12,74528.18216545657,Sentinel-1 (pred. mejorado)
2025-08-18,64984.839350023445,Sentinel-1 (pred. mejorado)
2025-08-24,61972.33689186148,Sentinel-1 (pred. mejorado)
2025-08-30,58774.9068786456,Sentinel-1 (pred. mejorado)
2025-09-05,66169.0880351994,Sentinel-1 (pred. mejorado)
2025-09-11,64226.38767377867,Sentinel-1 (pred. mejorado)
2025-09-17,69997.60997040372,Sentinel-1 (pred. mejorado)
2025-09-23,65523.481773719395,Sentinel-1 (pred. mejorado)
2025-09-29,66553.33857728745,Sentinel-1 (pred. mejorado)
2025-10-05,90254.79278503226,Sentinel-1 (pred. mejorado)
2025-10-11,94779.06535772368,Sentinel-1 (pred. mejorado)
2025-10-17,96392.14538175933,Sentinel-1 (pred. mejorado)
2025-10-23,69103.60432067698,Sentinel-1 (pred. mejorado)
2025-10-29,69295.0699420498,Sentinel-1 (pred. mejorado)
2025-11-10,65996.49663964512,Sentinel-1 (pred. mejorado)
2025-11-22,66882.47558860345,Sentinel-1 (pred. mejorado)
2025-11-28,66707.95330289636,Sentinel-1 (pred. mejorado)
2025-12-04,66456.5051969592,Sentinel-1 (pred. mejorado)
2025-12-10,71845.36480801458,Sentinel-1 (pred. mejorado)
2025-12-16,68561.16915211991,Sentinel-1 (pred. mejorado)
2025-12-22,69074.88942649496,Sentinel-1 (pred. mejorado)
2025-12-28,62901.42815626705,Sentinel-1 (pred. mejorado)
